Unnamed: 0,Title,Video ID,Published At,Keyword,Likes,Comments,Views
0,education video #0,vid00000,2023-05-17,education,86.0,10.0,8154.0
1,music video #1,vid00001,2023-04-11,music,5360.0,596.0,54911.0
2,music video #2,vid00002,2023-06-24,music,23.0,3.0,1355.0
3,education video #3,vid00003,2022-12-28,education,2566.0,285.0,251019.0
4,how-to video #4,vid00004,2023-03-14,how-to,190.0,21.0,5545.0
5,food video #5?,vid00005,2023-07-08,food,2252.0,6.0,1126.0
6,food video #6,vid00006,2023-06-30,food,455.0,51.0,52561.0
7,news video #7?,vid00007,2023-07-13,news,11649.0,1294.0,681810.0
8,tech video #8?,vid00008,2022-09-07,tech,60.0,7.0,2093.0
9,gaming video #9,vid00009,2022-08-11,gaming,73.0,8.0,5466.0
10,gaming video #10,vid00010,2022-09-04,gaming,353.0,39.0,11670.0
11,food video #11,vid00011,2023-07-30,food,207.0,23.0,4990.0
12,education video #12,vid00012,2022-12-30,education,1754.0,195.0,137963.0
13,tech video #13?,vid00013,2023-03-09,tech,199.0,22.0,10135.0
14,sports video #14?,vid00014,2022-12-31,sports,242.0,27.0,12242.0
15,food video #15,vid00015,2022-08-27,food,7298.0,811.0,216051.0
16,news video #16?,vid00016,2023-06-29,news,99.0,11.0,11360.0
17,food video #17,vid00017,2023-01-29,food,1810.0,201.0,155145.0
18,tech video #18,vid00018,2022-11-20,tech,92.0,10.0,7065.0
19,sports video #19,vid00019,2022-08-19,sports,180.0,20.0,
20,food video #20,vid00020,2022-09-12,food,25.0,3.0,1056.0
21,gaming video #21?,vid00021,2023-02-17,gaming,155041.0,17227.0,3593532.0
22,gaming video #22,vid00022,2023-05-08,gaming,347.0,39.0,29597.0
23,gaming video #23,vid00023,2022-10-07,gaming,2641.0,293.0,102401.0
24,music video #24?,vid00024,2023-02-10,music,915.0,102.0,55921.0
25,gaming video #25,vid00025,2022-12-13,gaming,1813.0,201.0,85128.0
26,education video #26?,vid00026,2023-03-27,education,1213.0,135.0,66790.0
27,sports video #27,vid00027,2022-11-20,sports,54371.0,6041.0,3985118.0
28,sports video #28?,vid00028,2023-06-19,sports,56.0,6.0,6090.0
29,how-to video #29,vid00029,2023-03-08,how-to,62.0,7.0,1946.0
30,how-to video #30,vid00030,2022-10-04,how-to,111.0,12.0,6462.0
31,how-to video #31,vid00031,2023-05-28,how-to,69.0,8.0,3177.0
32,how-to video #32,vid00032,2023-03-24,how-to,7271.0,808.0,309687.0
33,education video #33,vid00033,2023-07-08,education,4134.0,459.0,363972.0
34,food video #34,vid00034,2023-07-03,food,427.0,47.0,7224.0
35,food video #35?,vid00035,2022-11-29,food,82.0,9.0,2810.0
36,music video #36,vid00036,2023-04-10,music,311.0,35.0,27432.0
37,how-to video #37,vid00037,2023-02-24,how-to,28134.0,3126.0,1277573.0
38,gaming video #38?,vid00038,2023-01-06,gaming,2.0,0.0,121.0
39,education video #39,vid00039,2022-08-03,education,2549.0,283.0,190723.0
40,sports video #40?,vid00040,2023-05-25,sports,,21.0,5616.0
41,news video #41,vid00041,2022-12-14,news,7766.0,863.0,590549.0
42,food video #42,vid00042,2022-08-26,food,97.0,11.0,5589.0
43,news video #43,vid00043,2023-07-17,news,545.0,61.0,31955.0
44,food video #44,vid00044,2022-12-25,food,63.0,7.0,2178.0
45,how-to video #45,vid00045,2022-09-13,how-to,236.0,26.0,6975.0
46,tech video #46,vid00046,2023-01-07,tech,44158.0,4906.0,1262805.0
47,tech video #47,vid00047,2023-06-14,tech,22342.0,2482.0,364133.0
48,sports video #48,vid00048,2023-05-01,sports,878.0,98.0,24744.0
49,tech video #49,vid00049,2023-03-27,tech,239.0,27.0,8827.0
50,news video #50,vid00050,2022-11-17,news,12.0,1.0,929.0
51,how-to video #51,vid00051,2022-11-16,how-to,967.0,107.0,25184.0
52,education video #52,vid00052,2022-11-04,education,751.0,83.0,55939.0
53,sports video #53,vid00053,2023-05-12,sports,575.0,64.0,49766.0
54,food video #54?,vid00054,2023-05-21,food,1375.0,153.0,48711.0
55,education video #55,vid00055,2022-11-14,education,42.0,5.0,5075.0
56,food video #56,vid00056,2022-11-18,food,604.0,67.0,51751.0
57,music video #57,vid00057,2023-06-23,music,768.0,85.0,54991.0
58,sports video #58,vid00058,2023-07-22,sports,41564.0,4618.0,1024010.0
59,how-to video #59,vid00059,2022-08-31,how-to,85782.0,9531.0,3637523.0
60,gaming video #60,vid00060,2022-11-02,gaming,617.0,69.0,44295.0
61,sports video #61,vid00061,2022-09-13,sports,86.0,10.0,11094.0
62,sports video #62,vid00062,2022-12-09,sports,568.0,63.0,51898.0
63,news video #63,vid00063,2023-05-01,news,286.0,32.0,15729.0
64,education video #64,vid00064,2023-03-03,education,102.0,11.0,11692.0
65,tech video #65,vid00065,2023-01-11,tech,758.0,84.0,52626.0
66,tech video #66,vid00066,2022-10-15,tech,138.0,15.0,6031.0
67,news video #67?,vid00067,2022-09-23,news,5535.0,615.0,227166.0
68,education video #68,vid00068,2023-05-05,education,668.0,74.0,47638.0
69,music video #69,vid00069,2023-02-04,music,1588.0,176.0,103779.0
70,education video #70,vid00070,2022-08-08,education,765.0,85.0,40036.0
71,news video #71,vid00071,2022-11-17,news,476.0,53.0,12089.0
72,music video #72,vid00072,2023-04-05,music,80.0,9.0,7439.0
73,gaming video #73,vid00073,2023-02-17,gaming,704.0,78.0,35525.0
74,sports video #74,vid00074,2023-04-24,sports,202.0,22.0,17903.0
75,tech video #75,vid00075,2023-04-29,tech,3834.0,426.0,100166.0
76,how-to video #76,vid00076,2022-09-10,how-to,1040.0,116.0,59293.0
77,food video #77,vid00077,2023-06-09,food,112.0,12.0,2990.0
78,music video #78,vid00078,2023-03-07,music,926.0,103.0,69402.0
79,news video #79?,vid00079,2022-08-22,news,57.0,6.0,3120.0
80,how-to video #80,vid00080,2023-07-16,how-to,251.0,28.0,15425.0
81,gaming video #81,vid00081,2023-03-05,gaming,575.0,64.0,31333.0
82,education video #82,vid00082,2022-10-26,education,3.0,0.0,623.0
83,education video #83,vid00083,2023-07-26,education,569.0,63.0,73227.0
84,news video #84,vid00084,2022-08-13,news,1832.0,204.0,83463.0
85,how-to video #85?,vid00085,2023-01-15,how-to,1075.0,119.0,42292.0
86,education video #86,vid00086,2022-08-15,education,366.0,41.0,23541.0
87,food video #87,vid00087,2023-05-08,food,263.0,29.0,26320.0
88,music video #88,vid00088,2023-05-10,music,191.0,21.0,6986.0
89,music video #89,vid00089,2022-09-05,music,993.0,110.0,33079.0
90,tech video #90,vid00090,2022-11-15,tech,253.0,28.0,17752.0
91,music video #91,vid00091,2023-06-15,music,1224.0,136.0,73255.0
92,sports video #92,vid00092,2022-11-04,sports,31.0,3.0,4234.0
93,tech video #93,vid00093,2023-03-01,tech,1024.0,114.0,100539.0
94,news video #94,vid00094,2023-02-15,news,1080.0,120.0,82050.0
95,how-to video #95?,vid00095,2023-06-21,how-to,1080.0,120.0,43851.0
96,music video #96,vid00096,2023-04-29,music,369.0,41.0,22783.0
97,how-to video #97,vid00097,2023-05-15,how-to,5891.0,655.0,201823.0
98,how-to video #98,vid00098,2022-09-02,how-to,30.0,3.0,1537.0
99,food video #99,vid00099,2023-06-14,food,8752.0,972.0,164884.0
100,music video #100?,vid00100,2023-01-13,music,1959.0,218.0,102200.0
101,gaming video #101,vid00101,2022-08-21,gaming,3685.0,409.0,111684.0
102,music video #102,vid00102,2022-09-04,music,2359.0,262.0,139147.0
103,how-to video #103,vid00103,2023-04-19,how-to,333.0,37.0,14214.0
104,tech video #104,vid00104,2023-06-21,tech,2994.0,333.0,33833.0
105,tech video #105,vid00105,2022-10-11,tech,9901.0,1100.0,243173.0
106,music video #106,vid00106,2022-11-16,music,2994.0,333.0,154416.0
107,sports video #107,vid00107,2022-11-06,sports,1316.0,146.0,94350.0
108,how-to video #108,vid00108,2023-06-22,how-to,72.0,8.0,2140.0
109,gaming video #109,vid00109,2022-11-27,gaming,5567.0,619.0,195507.0
110,news video #110,vid00110,2023-03-26,news,18889.0,2099.0,784527.0
111,news video #111,vid00111,2023-03-04,news,3520.0,391.0,551986.0
112,sports video #112,vid00112,2022-12-28,sports,1774.0,197.0,100161.0
113,food video #113,vid00113,2023-03-18,food,44.0,5.0,1945.0
114,sports video #114,vid00114,2022-10-15,sports,6505.0,723.0,476203.0
115,sports video #115,vid00115,2023-07-06,sports,2785.0,309.0,43306.0
116,how-to video #116,vid00116,2023-07-01,how-to,11.0,1.0,228.0
117,education video #117?,vid00117,2022-08-05,education,2628.0,292.0,137291.0
118,sports video #118,vid00118,2023-01-24,sports,39.0,4.0,2247.0
119,how-to video #119,vid00119,2022-10-10,how-to,138.0,15.0,3456.0
120,sports video #120,vid00120,2023-01-11,sports,285.0,32.0,14810.0
121,how-to video #121?,vid00121,2022-12-11,how-to,36081.0,4009.0,984314.0
122,sports video #122,vid00122,2023-06-16,sports,596.0,66.0,26480.0
123,music video #123,vid00123,2023-05-26,music,2615.0,291.0,108682.0
124,how-to video #124,vid00124,2022-11-13,how-to,96810.0,10757.0,2801119.0
125,music video #125?,vid00125,2023-02-17,music,27551.0,3061.0,1996419.0
126,education video #126,vid00126,2022-12-22,education,697.0,77.0,47697.0
127,news video #127?,vid00127,2023-02-03,news,1280.0,142.0,35195.0
128,how-to video #128,vid00128,2023-06-27,how-to,139.0,15.0,3737.0
129,sports video #129?,vid00129,2023-05-05,sports,226.0,25.0,12993.0
130,gaming video #130,vid00130,2022-08-20,gaming,6571.0,730.0,152633.0
131,news video #131,vid00131,2023-03-28,news,2104.0,234.0,143001.0
132,tech video #132?,vid00132,2023-05-09,tech,1725.0,192.0,76307.0
133,sports video #133,vid00133,2022-11-14,sports,5577.0,620.0,534220.0
134,food video #134,vid00134,2023-04-28,food,270.0,30.0,10947.0
135,tech video #135,vid00135,2022-09-01,tech,1816.0,202.0,52925.0
136,sports video #136,vid00136,2022-09-04,sports,12174.0,1353.0,299160.0
137,education video #137,vid00137,2023-01-16,education,3021.0,336.0,216451.0
138,education video #138,vid00138,2022-12-29,education,9694.0,1077.0,631644.0
139,news video #139?,vid00139,2023-06-18,news,4028.0,448.0,143407.0
140,tech video #140,vid00140,2023-05-29,tech,447.0,50.0,30312.0
141,music video #141,vid00141,2023-03-07,music,2924.0,325.0,132830.0
142,tech video #142,vid00142,2023-02-15,tech,109.0,12.0,6596.0
143,gaming video #143,vid00143,2022-08-20,gaming,97.0,11.0,1625.0
144,sports video #144,vid00144,2022-10-09,sports,13680.0,1520.0,214803.0
145,food video #145?,vid00145,2023-01-08,food,2622.0,291.0,53034.0
146,tech video #146,vid00146,2023-01-03,tech,2179.0,242.0,118007.0
147,music video #147,vid00147,2022-12-19,music,34.0,4.0,1430.0
148,how-to video #148,vid00148,2023-01-30,how-to,1216.0,135.0,26816.0
149,news video #149,vid00149,2023-03-01,news,397.0,44.0,16000.0
150,food video #150,vid00150,2022-12-21,food,382.0,42.0,8944.0
151,food video #151,vid00151,2023-03-03,food,5.0,1.0,419.0
152,sports video #152,vid00152,2022-09-09,sports,616.0,68.0,28661.0
153,education video #153,vid00153,2023-07-14,education,6715.0,746.0,431089.0
154,how-to video #154,vid00154,2023-02-06,how-to,8139.0,904.0,138440.0
155,education video #155,vid00155,2022-12-02,education,244.0,27.0,15961.0
156,education video #156,vid00156,2023-01-09,education,665.0,74.0,57946.0
157,how-to video #157,vid00157,2022-12-27,how-to,8067.0,896.0,316463.0
158,gaming video #158,vid00158,2022-11-13,gaming,4.0,0.0,138.0
159,news video #159,vid00159,2023-03-12,news,528.0,59.0,45525.0
160,how-to video #160?,vid00160,2023-06-20,how-to,5458.0,606.0,197806.0
161,news video #161,vid00161,2023-06-20,news,3227.0,359.0,268521.0
162,food video #162,vid00162,2022-09-30,food,,3660.0,2524633.0
163,education video #163,vid00163,2023-04-15,education,12945.0,1438.0,727304.0
164,news video #164,vid00164,2023-05-03,news,3849.0,428.0,119090.0
165,how-to video #165,vid00165,2023-01-19,how-to,5189.0,577.0,116349.0
166,tech video #166,vid00166,2023-04-09,tech,7689.0,854.0,338162.0
167,news video #167,vid00167,2023-05-25,news,448.0,50.0,18278.0
168,sports video #168?,vid00168,2022-09-08,sports,1015.0,113.0,54808.0
169,education video #169,vid00169,2023-01-25,education,5386.0,598.0,439646.0
170,education video #170,vid00170,2022-08-12,education,47300.0,5256.0,4440953.0
171,music video #171?,vid00171,2023-07-18,music,1752.0,195.0,42176.0
172,how-to video #172?,vid00172,2023-02-09,how-to,1542.0,171.0,53826.0
173,how-to video #173,vid00173,2022-11-12,how-to,3361.0,373.0,92657.0
174,tech video #174,vid00174,2022-08-24,tech,20475.0,2275.0,1149742.0
175,sports video #175,vid00175,2022-09-16,sports,520.0,58.0,56011.0
176,education video #176,vid00176,2022-11-11,education,45678.0,5075.0,1517523.0
177,sports video #177,vid00177,2023-05-31,sports,92.0,10.0,7139.0
178,news video #178,vid00178,2023-07-25,news,320.0,36.0,39764.0
179,news video #179,vid00179,2022-11-17,news,1048.0,116.0,38717.0
180,music video #180?,vid00180,2022-12-03,music,7847.0,872.0,337835.0
181,tech video #181,vid00181,2023-06-06,tech,34666.0,3852.0,596941.0
182,education video #182,vid00182,2022-09-06,education,51.0,6.0,2163.0
183,education video #183,vid00183,2023-03-11,education,168.0,19.0,7996.0
184,how-to video #184,vid00184,2023-03-07,how-to,5001.0,556.0,125627.0
185,sports video #185,vid00185,2023-02-02,sports,447.0,50.0,14057.0
186,food video #186,vid00186,2023-06-01,food,51.0,6.0,2102.0
187,how-to video #187,vid00187,2022-09-01,how-to,11630.0,1292.0,588102.0
188,sports video #188,vid00188,2022-11-12,sports,1854.0,206.0,177501.0
189,gaming video #189,vid00189,2023-05-15,gaming,3292.0,366.0,177192.0
190,sports video #190,vid00190,2022-11-19,sports,754.0,84.0,21037.0
191,food video #191?,vid00191,2022-08-25,food,18327.0,2036.0,575886.0
192,tech video #192,vid00192,2023-01-14,tech,500.0,56.0,35316.0
193,tech video #193,vid00193,2023-07-19,tech,10312.0,1146.0,668076.0
194,music video #194,vid00194,2023-05-16,music,232.0,26.0,8057.0
195,gaming video #195,vid00195,2023-06-17,gaming,246.0,27.0,9144.0
196,food video #196,vid00196,2022-11-13,food,2799.0,311.0,93926.0
197,tech video #197,vid00197,2022-11-19,tech,550.0,61.0,12770.0
198,education video #198,vid00198,2022-09-26,education,6042.0,671.0,264605.0
199,tech video #199,vid00199,2022-09-16,tech,5852.0,650.0,106106.0
200,sports video #200,vid00200,2022-11-10,sports,116.0,13.0,7859.0
201,education video #201?,vid00201,2023-06-20,education,1698.0,189.0,70284.0
202,tech video #202,vid00202,2023-04-04,tech,584.0,65.0,27645.0
203,music video #203,vid00203,2023-01-23,music,24722.0,2747.0,449024.0
204,music video #204?,vid00204,2023-01-19,music,1243.0,138.0,14889.0
205,sports video #205,vid00205,2022-09-15,sports,267.0,30.0,22784.0
206,tech video #206,vid00206,2023-01-26,tech,14696.0,1633.0,860029.0
207,how-to video #207,vid00207,2023-01-29,how-to,146901.0,16322.0,8243252.0
208,sports video #208,vid00208,2023-05-07,sports,158914.0,17657.0,4866176.0
209,food video #209,vid00209,2022-10-30,food,1051.0,117.0,68809.0
210,music video #210,vid00210,2023-06-12,music,1264.0,140.0,96904.0
211,gaming video #211,vid00211,2022-12-27,gaming,63033.0,7004.0,1747347.0
212,tech video #212?,vid00212,2022-08-22,tech,1869.0,208.0,45535.0
213,how-to video #213,vid00213,2023-03-22,how-to,158.0,18.0,6989.0
214,gaming video #214,vid00214,2023-03-09,gaming,1431.0,159.0,77430.0
215,music video #215,vid00215,2023-07-01,music,1263.0,140.0,161674.0
216,food video #216,vid00216,2023-02-18,food,221.0,25.0,9661.0
217,gaming video #217,vid00217,2023-05-20,gaming,29.0,3.0,1601.0
218,education video #218,vid00218,2022-10-27,education,133.0,15.0,2538.0
219,how-to video #219?,vid00219,2022-09-28,how-to,6282.0,698.0,258835.0
220,how-to video #220,vid00220,2023-03-23,how-to,148.0,16.0,11289.0
221,food video #221,vid00221,2023-01-22,food,760.0,84.0,43872.0
222,food video #222,vid00222,2023-05-17,food,1463.0,163.0,95571.0
223,education video #223,vid00223,2023-01-27,education,2480.0,276.0,233774.0
224,education video #224?,vid00224,2023-05-18,education,166.0,18.0,28659.0
225,news video #225?,vid00225,2023-07-28,news,3691.0,410.0,179364.0
226,sports video #226?,vid00226,2023-07-20,sports,143.0,16.0,8450.0
227,education video #227,vid00227,2022-09-01,education,976.0,108.0,27017.0
228,gaming video #228,vid00228,2023-07-21,gaming,192.0,21.0,6287.0
229,tech video #229,vid00229,2023-02-03,tech,39630.0,4403.0,722078.0
230,how-to video #230,vid00230,2022-12-15,how-to,1186.0,132.0,56411.0
231,food video #231,vid00231,2023-06-30,food,305.0,34.0,11773.0
232,music video #232,vid00232,2022-10-01,music,728.0,81.0,27578.0
233,food video #233?,vid00233,2022-12-24,food,1101.0,122.0,36761.0
234,music video #234,vid00234,2023-06-01,music,4760.0,529.0,279608.0
235,news video #235?,vid00235,2022-11-04,news,21.0,2.0,1789.0
236,food video #236?,vid00236,2023-07-08,food,78.0,9.0,6113.0
237,sports video #237,vid00237,2023-02-19,sports,,82.0,26060.0
238,food video #238,vid00238,2023-02-03,food,230646.0,25627.0,15729883.0
239,food video #239?,vid00239,2022-11-25,food,17928.0,1992.0,490163.0
240,education video #240?,vid00240,2022-09-15,education,922.0,102.0,46855.0
241,tech video #241,vid00241,2023-07-05,tech,4644.0,516.0,286759.0
242,food video #242,vid00242,2022-08-02,food,67941.0,7549.0,5533658.0
243,music video #243?,vid00243,2022-08-31,music,966.0,107.0,35802.0
244,sports video #244,vid00244,2022-08-28,sports,746.0,83.0,26739.0
245,food video #245,vid00245,2022-10-15,food,14338.0,1593.0,861367.0
246,education video #246,vid00246,2023-04-26,education,9291.0,1032.0,177582.0
247,how-to video #247,vid00247,2022-08-31,how-to,8071.0,897.0,262218.0
248,tech video #248,vid00248,2022-09-24,tech,643.0,71.0,19573.0
249,music video #249,vid00249,2023-04-17,music,96105.0,10678.0,4127766.0
250,news video #250,vid00250,2022-08-13,news,52283.0,5809.0,2574330.0
251,news video #251,vid00251,2022-11-15,news,4192.0,466.0,207957.0
252,news video #252,vid00252,2023-05-30,news,3299.0,367.0,269800.0
253,news video #253?,vid00253,2023-06-25,news,23.0,3.0,692.0
254,education video #254,vid00254,2023-01-28,education,4980.0,553.0,243522.0
255,gaming video #255,vid00255,2023-06-23,gaming,1243.0,138.0,39064.0
256,tech video #256?,vid00256,2023-06-21,tech,1629.0,181.0,155530.0
257,news video #257?,vid00257,2023-07-08,news,4421.0,491.0,268716.0
258,sports video #258,vid00258,2022-10-30,sports,163.0,18.0,28259.0
259,gaming video #259,vid00259,2022-11-02,gaming,91.0,10.0,1452.0
260,gaming video #260,vid00260,2023-03-29,gaming,2109.0,234.0,
261,education video #261,vid00261,2022-08-01,education,250.0,28.0,11719.0
262,food video #262,vid00262,2022-11-05,food,475.0,53.0,28957.0
263,how-to video #263,vid00263,2022-12-20,how-to,461.0,51.0,15837.0
264,education video #264,vid00264,2023-06-21,education,144.0,16.0,28241.0
265,gaming video #265,vid00265,2023-07-18,gaming,4.0,0.0,372.0
266,news video #266,vid00266,2022-12-03,news,16018.0,1780.0,870901.0
267,gaming video #267,vid00267,2023-05-06,gaming,665.0,74.0,104544.0
268,tech video #268,vid00268,2023-02-15,tech,16853.0,1873.0,690436.0
269,education video #269?,vid00269,2022-08-22,education,161314.0,17924.0,4665250.0
270,news video #270,vid00270,2022-12-24,news,571.0,63.0,62925.0
271,sports video #271,vid00271,2023-04-14,sports,26.0,3.0,1135.0
272,news video #272,vid00272,2023-04-15,news,82.0,9.0,8379.0
273,education video #273,vid00273,2023-07-01,education,76.0,8.0,4208.0
274,news video #274,vid00274,2023-03-18,news,289.0,32.0,19848.0
275,how-to video #275?,vid00275,2023-07-20,how-to,1285.0,143.0,71341.0
276,education video #276?,vid00276,2023-01-13,education,13.0,1.0,732.0
277,how-to video #277,vid00277,2023-04-19,how-to,4419.0,491.0,127191.0
278,education video #278,vid00278,2023-03-15,education,24.0,3.0,2159.0
279,education video #279,vid00279,2023-06-11,education,1936.0,215.0,115174.0
280,food video #280,vid00280,2023-07-06,food,976.0,108.0,47057.0
281,music video #281,vid00281,2023-06-04,music,488.0,54.0,30032.0
282,how-to video #282?,vid00282,2023-07-15,how-to,1140.0,127.0,50986.0
283,how-to video #283,vid00283,2022-12-09,how-to,500.0,56.0,18260.0
284,food video #284,vid00284,2023-07-29,food,244.0,27.0,15562.0
285,sports video #285,vid00285,2022-09-06,sports,83.0,9.0,1477.0
286,education video #286,vid00286,2022-12-13,education,344.0,38.0,56096.0
287,education video #287,vid00287,2023-04-23,education,84712.0,9412.0,3471767.0
288,gaming video #288,vid00288,2023-03-15,gaming,112800.0,12533.0,4671960.0
289,sports video #289,vid00289,2022-09-19,sports,22687.0,2521.0,1096900.0
290,music video #290,vid00290,2023-04-06,music,4181.0,465.0,282876.0
291,education video #291,vid00291,2022-12-19,education,152.0,17.0,13518.0
292,tech video #292?,vid00292,2023-05-18,tech,24994.0,2777.0,1431240.0
293,tech video #293?,vid00293,2023-07-30,tech,1298.0,144.0,52919.0
294,news video #294?,vid00294,2022-10-13,news,3368.0,374.0,51456.0
295,sports video #295,vid00295,2023-02-21,sports,1020.0,113.0,31549.0
296,news video #296,vid00296,2022-08-11,news,642.0,71.0,73300.0
297,how-to video #297,vid00297,2023-02-07,how-to,385.0,43.0,22983.0
298,how-to video #298?,vid00298,2023-06-04,how-to,1063.0,118.0,49795.0
299,education video #299,vid00299,2023-07-12,education,187.0,21.0,5508.0
300,gaming video #10,vid00010,2022-09-04,gaming,353.0,39.0,11670.0
301,food video #11,vid00011,2023-07-30,food,207.0,23.0,4990.0
